text,label
"Hi team, the weekly meeting is scheduled for Monday at 10 AM.",legitimate
Please review the attached project report before tomorrow.,legitimate
Thanks for your help with the presentation. I have added the final slides.,legitimate
Can we move our meeting to 3 PM today?,legitimate
The development team completed the latest sprint successfully.,legitimate
Please send me the notes from yesterday's meeting when you have time.,legitimate
The office will be closed on Friday due to the public holiday.,legitimate
Your requested document has been uploaded to the shared folder.,legitimate
Let's discuss the new design during our regular team call.,legitimate
I have reviewed the contract and left comments for the legal team.,legitimate
The invoice from our usual supplier has been approved by accounting.,legitimate
Please update the project tracker with your current progress.,legitimate
We will have a training session next Wednesday at 2 PM.,legitimate
The client confirmed the meeting agenda for tomorrow.,legitimate
Here is the summary of the tasks completed this week.,legitimate
Please confirm whether you can attend the planning session.,legitimate
The IT department will perform scheduled maintenance tonight.,legitimate
I have shared the budget spreadsheet with the finance team.,legitimate
The new employee onboarding session starts at 9 AM.,legitimate
Please review the code changes before merging the pull request.,legitimate
The customer asked for an updated version of the proposal.,legitimate
Your access request has been approved by the administrator.,legitimate
The monthly performance report is ready for review.,legitimate
We received feedback from the client about the latest release.,legitimate
Please remember to submit your timesheet by Friday.,legitimate
The marketing team will publish the campaign next week.,legitimate
Could you send the latest version of the presentation?,legitimate
The supplier confirmed delivery for Tuesday morning.,legitimate
The meeting room has been booked for our department meeting.,legitimate
Please check the updated project requirements in the shared document.,legitimate
Thank you for completing the security awareness training.,legitimate
The finance department has completed the monthly reconciliation.,legitimate
We will discuss the new policy during tomorrow's meeting.,legitimate
Please confirm the shipping address for the approved order.,legitimate
The support team resolved the reported technical issue.,legitimate
I added your comments to the final version of the report.,legitimate
The quarterly review will take place next Thursday.,legitimate
Please prepare a short status update for the team meeting.,legitimate
The vendor sent the product documentation we requested.,legitimate
We have received the signed agreement from the customer.,legitimate
Your vacation request for next month has been approved.,legitimate
The team calendar has been updated with the new deadlines.,legitimate
Please review the meeting minutes and suggest any corrections.,legitimate
The HR department will send the onboarding materials separately.,legitimate
We have scheduled a routine backup test for this weekend.,legitimate
The procurement team is reviewing the submitted quotation.,legitimate
Please upload the final files to the project repository.,legitimate
The customer support meeting starts at 11 AM tomorrow.,legitimate
I have completed my review and everything looks correct.,legitimate
The new version of the application is ready for internal testing.,legitimate
I am in a meeting. Please urgently transfer 12000 dollars to the new account and do not call me.,bec
We changed our bank details. Send today's supplier payment to the new account immediately.,bec
This is confidential. Purchase five gift cards today and send me the codes by email.,bec
I need an urgent wire transfer completed before the end of the day. Keep this request private.,bec
Please process this payment immediately. I will explain the details after my meeting.,bec
Our CEO asked that you transfer funds to a new beneficiary today. Do not contact anyone else.,bec
The vendor has changed its account number. Update the banking details and pay this invoice now.,bec
I am traveling and cannot speak. Please buy gift cards and reply with the codes urgently.,bec
Complete a confidential payment of 8500 dollars today and do not discuss it with accounting.,bec
Please make an emergency transfer to the account below. This must be completed within one hour.,bec
I need you to handle a sensitive payment request for me immediately. Do not call to confirm.,bec
Use the new banking information in this email for all outstanding invoices starting today.,bec
Please send a wire transfer now. The transaction is highly confidential and time sensitive.,bec
We have a new supplier account. Replace the existing payment details before sending funds.,bec
Can you purchase gift cards for a client immediately and send the redemption numbers to me?,bec
I need a payment processed before the bank closes. Reply only by email because I am unavailable.,bec
Please urgently pay the attached invoice using the updated beneficiary information.,bec
Do not follow the normal approval process for this payment because the deadline is today.,bec
I need you to transfer company funds to this account as soon as possible. Keep this confidential.,bec
The executive team approved this special payment. Please process it immediately without delay.,bec
Please change the payroll account for this employee and send the payment to the new bank details.,bec
We have an urgent acquisition payment. Transfer the requested amount and do not mention it yet.,bec
Please send 15000 dollars to the new vendor account today. I am unable to take calls.,bec
This request is from management. Purchase the gift cards immediately and email me the codes.,bec
The usual bank account is temporarily unavailable. Use this alternative account for today's payment.,bec
Please complete the transfer urgently and confirm by replying to this email only.,bec
I need you to bypass the usual payment approval because this transaction is extremely urgent.,bec
The supplier requested a last-minute account change. Pay the invoice to the new account today.,bec
Please process a confidential wire transfer before noon. Do not contact the supplier directly.,bec
I am handling a sensitive matter. Send the payment now and keep the transaction between us.,bec
The director needs gift cards for a private client event. Buy them now and send the codes.,bec
Please update the beneficiary bank details immediately and release the pending payment.,bec
An executive requested an urgent transfer. Please do not wait for the usual confirmation.,bec
Send the funds to the new account listed below and delete the old account information.,bec
This is a confidential management request. Complete the payment today and do not discuss it.,bec
Please purchase several gift cards and send the serial numbers as soon as possible.,bec
We need to make a last-minute international transfer. Process it before the deadline today.,bec
Use these new bank details for the invoice and confirm once the transfer has been completed.,bec
Please treat this as urgent. I need the payment sent now while I am unavailable by phone.,bec
The finance director approved a special transfer. Complete it immediately without further checks.,bec
Please redirect the outstanding supplier payment to this replacement account.,bec
I need an urgent payment made today. Avoid contacting me by phone because I am in a conference.,bec
Send the requested amount to the new beneficiary and keep the transaction confidential.,bec
The CEO needs you to purchase gift cards urgently and email the codes directly.,bec
Please make the wire transfer immediately and do not wait for the regular approval meeting.,bec
Our payment account has changed unexpectedly. Use the new details in this message today.,bec
Please process this private financial request now and do not share it with other employees.,bec
Complete the bank transfer before the end of business. I cannot answer calls right now.,bec
Please replace the supplier bank information and release the payment immediately.,bec
This is an urgent executive request. Transfer the funds today and confirm only by email.,bec
